Title,Artist,Year,Country,Thumbnail
b'Thomas Paul',b'Thomas Badger',b'1825',,https://az333960.vo.msecnd.net/images-0/thomas-paul-thomas-badger-1825-3a99dfbc.jpg
b'Thomas Nast',b'John White Alexander',b'1887',b'US',https://az333960.vo.msecnd.net/images-5/thomas-nast-john-white-alexander-1887-d112af44.jpg
b'William Marshall Cazalet',b'John Singer Sargent',b'1902',b'US',https://az333960.vo.msecnd.net/images-9/william-marshall-cazalet-john-singer-sargent-1902-355a1af5.jpg
b'Ulysses S. Grant',b'Thomas Le Clear',b'1880',b'US',https://az334034.vo.msecnd.net/images-8/ulysses-s-grant-thomas-le-clear-1880-8b609465.jpg
b'Nelson Wilmarth Aldrich',b'Anders Zorn',b'1913',b'SE',https://az334033.vo.msecnd.net/images-1/nelson-wilmarth-aldrich-anders-zorn-1913-587cb791.jpg
b'Abraham Lincoln',b'John Henry Brown',b'1860',,https://az334034.vo.msecnd.net/images-4/abraham-lincoln-john-henry-brown-1860-2e866383.jpg
b'Henry Cabot Lodge',b'John Singer Sargent',b'1890',b'US',https://az333959.vo.msecnd.net/images-8/henry-cabot-lodge-john-singer-sargent-1890-65232e81.jpg
b'William Bainbridge',b'Rembrandt Peale',b'1814',b'US',https://az333960.vo.msecnd.net/images-9/william-bainbridge-rembrandt-peale-1814-559b9834.jpg
b'William Henry Harrison',b'Rembrandt Peale',b'1813',b'US',https://az333960.vo.msecnd.net/images-5/william-henry-harrison-rembrandt-peale-1813-58f002ca.jpg
b'Henry Clay and Helen Frick',b'Edmund C. Tarbell',b'1910',b'US',https://az334033.vo.msecnd.net/images-6/henry-clay-and-helen-frick-edmund-c-tarbell-1910-ff212553.jpg
b'Charles Nagel',b'Anders Zorn',b'1901',b'SE',https://az334034.vo.msecnd.net/images-7/charles-nagel-anders-zorn-1901-53b1ea7a.jpg
b'William Merritt Chase',b'Harriet Blackstone',b'1912',,https://az334033.vo.msecnd.net/images-0/william-merritt-chase-harriet-blackstone-1912-36a934d7.jpg
b'Richard Delafield',b'Charles Courtney Curran',b'1910',b'US',https://az334033.vo.msecnd.net/images-5/richard-delafield-charles-courtney-curran-1910-9e7f277c.jpg
b'Mary Henderson',b'Jean-Joseph Benjamin-Constant',b'1895',,https://az333959.vo.msecnd.net/images-7/mary-henderson-jean-joseph-benjamin-constant-1895-34a5db51.jpg
b'Charles Herbert Woodbury',b'John Singer Sargent',b'1921',b'US',https://az334034.vo.msecnd.net/images-1/charles-herbert-woodbury-john-singer-sargent-1921-711edeb5.jpg
b'Rubens Peale',b'Rembrandt Peale',b'1807',b'US',https://az334033.vo.msecnd.net/images-4/rubens-peale-rembrandt-peale-1807-6805478b.jpg
b'Eleazer Williams',b'Giuseppe Fagnani',b'1853',,https://az334034.vo.msecnd.net/images-8/eleazer-williams-giuseppe-fagnani-1853-50369aea.jpg
b'Frank Duveneck Self-Portrait',b'Frank Duveneck',b'1890',b'US',https://az334034.vo.msecnd.net/images-9/frank-duveneck-self-portrait-frank-duveneck-1890-aa7c46c2.jpg
b'John Sergeant',b'Thomas Sully',b'1811',,https://az334033.vo.msecnd.net/images-9/john-sergeant-thomas-sully-1811-ec9e453a.jpg
b'Martha Washington (The Athenaeum Portrait)',b'Gilbert Stuart',b'1793',b'US',https://az333960.vo.msecnd.net/images-7/martha-washington-the-athenaeum-portrait-gilbert-stuart-1793-d8a68768.jpg
b'Elizabeth Grimk\xc3\xa9 Rutledge',b'John Trumbull',b'1791',b'US',https://az333959.vo.msecnd.net/images-9/elizabeth-grimke-rutledge-john-trumbull-1791-5ca583f9.jpg
b'Lydia Henchman Hancock',b'John Singleton Copley',b'1766',b'US',https://az334034.vo.msecnd.net/images-2/lydia-henchman-hancock-john-singleton-copley-1766-af6ca386.jpg
b'Theodore Sedgwick',b'Ezra Ames',b'1808',b'US',https://az334034.vo.msecnd.net/images-9/theodore-sedgwick-ezra-ames-1808-5b071afc.jpg
b'Nathaniel Hawthorne',b'Emanuel Leutze',b'1862',,https://az333960.vo.msecnd.net/images-1/nathaniel-hawthorne-emanuel-leutze-1862-727b048e.jpg
b'George Peabody',b'George Peter Alexander Healy',b'1854',,https://az333959.vo.msecnd.net/images-8/george-peabody-george-peter-alexander-healy-1854-c92b8bba.jpg
b'John Singleton Copley Self-Portrait',b'John Singleton Copley',b'Self-Portrait',b'US',https://az334033.vo.msecnd.net/images-8/john-singleton-copley-self-portrait-john-singleton-copley-02eace66.jpg
b'Thomas Benedict Clarke',b'Charles Frederic Ulrich',b'1884',,https://az334033.vo.msecnd.net/images-7/thomas-benedict-clarke-charles-frederic-ulrich-1884-95e27e03.jpg
b'Sarah Weston Seaton with her Children Augustine and Julia',b'Charles Bird King',b'1815',b'US',https://az333960.vo.msecnd.net/images-6/sarah-weston-seaton-with-her-children-augustine-and-julia-charles-bird-king-1815-d5455e5e.jpg
b'Jacob Jennings Brown',b'John Wesley Jarvis',b'1821',,https://az334034.vo.msecnd.net/images-2/jacob-jennings-brown-john-wesley-jarvis-1821-9effb899.jpg
b'Charlotte Perkins Stetson Gilman',b'Ellen Day Hale',b'1880',,https://az334034.vo.msecnd.net/images-5/charlotte-perkins-stetson-gilman-ellen-day-hale-1880-e9392f5b.jpg
b'Louisa Dunmore Mums Mott',b'Anonymous',b'1820',,https://az334033.vo.msecnd.net/images-9/louisa-dunmore-mums-mott-anonymous-1820-df1698f5.jpg
b'Benjamin Lay',b'William Williams',b'1754',,https://az333959.vo.msecnd.net/images-6/benjamin-lay-william-williams-1754-98cc3ba4.jpg
b'Thomas Moran',b'Howard Russell Butler',b'1922',,https://az333960.vo.msecnd.net/images-9/thomas-moran-howard-russell-butler-1922-8f11c7ae.jpg
b'August Belmont and Isabel Perry',b'Wouterus Verschuur',b'1854',,https://az333960.vo.msecnd.net/images-4/august-belmont-and-isabel-perry-wouterus-verschuur-1854-723bb75b.jpg
b'Parke Godwin',b'Eastman Johnson',b'1880',,https://az334034.vo.msecnd.net/images-0/parke-godwin-eastman-johnson-1880-2e8f81c8.jpg
b'Thomas Paine',b'Laurent Dabos',b'1792',,https://az334034.vo.msecnd.net/images-7/thomas-paine-laurent-dabos-1792-0e211ad3.jpg
b'George Benjamin Luks',b'William Glackens',b'1899',,https://az333960.vo.msecnd.net/images-0/george-benjamin-luks-william-glackens-1899-c9463fca.jpg
b'Charles Cotesworth Pinckney',b'John Trumbull',b'1791',b'US',https://az333960.vo.msecnd.net/images-6/charles-cotesworth-pinckney-john-trumbull-1791-e127c0c0.jpg
b'David Wiley',b'Charles Peale Polk',b'1801',,https://az334033.vo.msecnd.net/images-8/david-wiley-charles-peale-polk-1801-1e7612c8.jpg
b'Marquis de Lafayette',b"Pierre-Paul Prud'hon",b'1820',b'FR',https://az333960.vo.msecnd.net/images-6/marquis-de-lafayette-pierre-paul-prud-hon-1820-9258b8b5.jpg
b'Henry Clay',b'George Peter Alexander Healy',b'1845',,https://az334034.vo.msecnd.net/images-4/henry-clay-george-peter-alexander-healy-1845-f24aaef8.jpg
b'Henry Clay',b'John Neagle',b'1842',,https://az333959.vo.msecnd.net/images-5/henry-clay-john-neagle-1842-a0bdb8b9.jpg
b'G.P.A. Healy Self-Portrait',b'George Peter Alexander Healy',b'1870',,https://az334033.vo.msecnd.net/images-7/g-p-a-healy-self-portrait-george-peter-alexander-healy-1870-5a5c517c.jpg
b'Joshua Reed Giddings',b'John Cranch',b'1855',,https://az334034.vo.msecnd.net/images-0/joshua-reed-giddings-john-cranch-1855-ac671e5a.jpg
b'Edwin Augustus Stevens',b'Manuel Joachim de Franca',b'1843',,https://az334034.vo.msecnd.net/images-3/edwin-augustus-stevens-manuel-joachim-de-franca-1843-67921907.jpg
b'Anna L. R. S. Morton',b'L\xc3\xa9on Bonnat',b'1884',b'FR',https://az333959.vo.msecnd.net/images-5/anna-l-r-s-morton-leon-bonnat-1884-1e03906a.jpg
b'Franklin Pierce',b'George Peter Alexander Healy',b'1853',,https://az334033.vo.msecnd.net/images-5/franklin-pierce-george-peter-alexander-healy-1853-30feb9fb.jpg
b'John Witherspoon',b'Rembrandt Peale',b'1794',b'US',https://az334033.vo.msecnd.net/images-5/john-witherspoon-rembrandt-peale-1794-88ded2fb.jpg
b'John Quincy Adams Ward',b'George Fuller',b'1868',,https://az333960.vo.msecnd.net/images-5/john-quincy-adams-ward-george-fuller-1868-bc74f8b0.jpg
b'Eastman Johnson Self-Portrait',b'Eastman Johnson',b'1877',,https://az334034.vo.msecnd.net/images-8/eastman-johnson-self-portrait-eastman-johnson-1877-d0021150.jpg
b'Daniel Huntington',b'Henry Inman',b'1842',b'US',https://az334034.vo.msecnd.net/images-1/daniel-huntington-henry-inman-1842-788e47cb.jpg
|b'Thomas Heyward, Jr.'|,b'Thomas Sully',b'1854',,https://az334034.vo.msecnd.net/images-8/thomas-heyward-jr-thomas-sully-1854-e9d732a6.jpg
b'John McCloskey',b'George Peter Alexander Healy',b'1875',,https://az334034.vo.msecnd.net/images-3/john-mccloskey-george-peter-alexander-healy-1875-87900d9e.jpg
b'John Vaughan',b'Thomas Sully',b'1819',,https://az333959.vo.msecnd.net/images-6/john-vaughan-thomas-sully-1819-e93fdb8d.jpg
b'George Shoemaker Inspecting Flour for the Port of Georgetown',b'James Alexander Simpson',b'1840',,https://az333960.vo.msecnd.net/images-5/george-shoemaker-inspecting-flour-for-the-port-of-georgetown-james-alexander-simpson-1840-3876218d.jpg
b'John Jordan Crittenden',b'George Peter Alexander Healy',b'1857',,https://az334034.vo.msecnd.net/images-9/john-jordan-crittenden-george-peter-alexander-healy-1857-4a475add.jpg
b'Winfield Scott',b'Robert Walter Weir',b'1855',,https://az334033.vo.msecnd.net/images-5/winfield-scott-robert-walter-weir-1855-7383ced1.jpg
b'William Page Self-Portrait',b'William Page',b'1830',,https://az333960.vo.msecnd.net/images-4/william-page-self-portrait-william-page-1830-a7249d91.jpg
b'Samuel Smith',b'Gilbert Stuart',b'1800',b'US',https://az333959.vo.msecnd.net/images-7/samuel-smith-gilbert-stuart-1800-83af6363.jpg
b'Thomas Say',b'Joseph Wood',b'1812',b'US',https://az333960.vo.msecnd.net/images-4/thomas-say-joseph-wood-1812-5c75d8af.jpg
b'James Buchanan',b'George Peter Alexander Healy',b'1859',,https://az334034.vo.msecnd.net/images-0/james-buchanan-george-peter-alexander-healy-1859-d8ede3ca.jpg
b'Cornelius Vanderbilt',b'Nathaniel Jocelyn',b'1846',,https://az333959.vo.msecnd.net/images-5/cornelius-vanderbilt-nathaniel-jocelyn-1846-0a2d115d.jpg
b'Charles Brockden Brown',b'William Dunlap',b'1806',,https://az333960.vo.msecnd.net/images-7/charles-brockden-brown-william-dunlap-1806-fd118b33.jpg
b'Thomas Hancock',b'John Singleton Copley',b'1758',b'US',https://az334033.vo.msecnd.net/images-9/thomas-hancock-john-singleton-copley-1758-1b9459c1.jpg
b'Richard Bache',b'John Hoppner',b'1792',,https://az333959.vo.msecnd.net/images-2/richard-bache-john-hoppner-1792-8ef0f41d.jpg
b'John Rutledge',b'John Trumbull',b'1791',b'US',https://az334034.vo.msecnd.net/images-8/john-rutledge-john-trumbull-1791-fd5b69ec.jpg
b'John Jacob Astor',b'John Wesley Jarvis',b'1825',,https://az334034.vo.msecnd.net/images-8/john-jacob-astor-john-wesley-jarvis-1825-2db675f9.jpg
b'George Washington',b'Gilbert Stuart',b'1796',b'US',https://az334034.vo.msecnd.net/images-1/george-washington-gilbert-stuart-1796-d04efc20.jpg
b'John Laurens',b'Charles Willson Peale',b'1780',,https://az334034.vo.msecnd.net/images-4/john-laurens-charles-willson-peale-1780-445ab6c1.jpg
b'Albert Gallatin',b'Worthington Whittredge',b'1859',,https://az333960.vo.msecnd.net/images-4/albert-gallatin-worthington-whittredge-1859-8e60c7f7.jpg
b'Lewis Morris',b'John Wollaston the Younger',b'1750',,https://az333960.vo.msecnd.net/images-7/lewis-morris-john-wollaston-the-younger-1750-b0afa76b.jpg
b'Rembrandt Peale',b'Charles Willson Peale',b'1818',,https://az333960.vo.msecnd.net/images-6/rembrandt-peale-charles-willson-peale-1818-a385e9ed.jpg
b'Samuel Blodget',b'John Trumbull',b'1784',b'US',https://az334033.vo.msecnd.net/images-0/samuel-blodget-john-trumbull-1784-d66a9885.jpg
b'John C. Calhoun',b'Charles Bird King',b'1823',b'US',https://az333959.vo.msecnd.net/images-5/john-c-calhoun-charles-bird-king-1823-563221a7.jpg
b'Edith Wharton',b'Edward Harrison May',b'1870',,https://az333959.vo.msecnd.net/images-4/edith-wharton-edward-harrison-may-1870-16401d45.jpg
b'Margaret Spear Smith',b'Gilbert Stuart',b'1800',b'US',https://az333959.vo.msecnd.net/images-3/margaret-spear-smith-gilbert-stuart-1800-f8d4bdeb.jpg
b'Robert Hare',b'Alvan Clark',b'1856',,https://az333959.vo.msecnd.net/images-7/robert-hare-alvan-clark-1856-915f3916.jpg
b'Joseph Gurney Cannon',b'Harriet Anderson Stubbs Murphy',b'1912',,https://az333959.vo.msecnd.net/images-8/joseph-gurney-cannon-harriet-anderson-stubbs-murphy-1912-3e70cbb3.jpg
b'Varina Howell Davis',b'John Wood Dodge',b'1849',,https://az334033.vo.msecnd.net/images-9/varina-howell-davis-john-wood-dodge-1849-c047396b.jpg
b'Black Hoof',b'Henry Inman',b'1831',b'US',https://az333960.vo.msecnd.net/images-7/black-hoof-henry-inman-1831-c2c34925.jpg
b'Henry Laurens',b'John Singleton Copley',b'1782',b'US',https://az333960.vo.msecnd.net/images-4/henry-laurens-john-singleton-copley-1782-24e9f350.jpg
b'William Carmichael',b'Anonymous',b'1770',,https://az333959.vo.msecnd.net/images-7/william-carmichael-anonymous-1770-d5299e27.jpg
b'Portrait of Edward Hicks Painting the Peaceable Kingdom',b'Thomas Hicks',b'1839',,https://az333960.vo.msecnd.net/images-7/portrait-of-edward-hicks-painting-the-peaceable-kingdom-thomas-hicks-1839-a1a78401.jpg
b'Joel Barlow',b'William Dunlap',b'1806',,https://az334034.vo.msecnd.net/images-3/joel-barlow-william-dunlap-1806-7486a3ac.jpg
b'Cyrus Hall McCormick',b'Charles Loring Elliott',b'1859',,https://az334034.vo.msecnd.net/images-2/cyrus-hall-mccormick-charles-loring-elliott-1859-ab6a7fe7.jpg
b'Thomas Stone',b'Robert Edge Pine',b'1785',,https://az334034.vo.msecnd.net/images-5/thomas-stone-robert-edge-pine-1785-5afa0241.jpg
b'Louis Michel Eilshemius Self-Portrait',b'Louis Eilshemius',b'1915',,https://az333959.vo.msecnd.net/images-9/louis-michel-eilshemius-self-portrait-louis-eilshemius-1915-8f792a6e.jpg
b'Fisher Ames',b'Gilbert Stuart',b'1807',b'US',https://az334033.vo.msecnd.net/images-0/fisher-ames-gilbert-stuart-1807-97d83512.jpg
b'Stephen Fuller Austin',b'Anonymous',b'1840',,https://az334034.vo.msecnd.net/images-6/stephen-fuller-austin-anonymous-1840-9ed3c4ce.jpg
b'Edwin Booth',b'Thomas Hicks',b'1863',,https://az334034.vo.msecnd.net/images-2/edwin-booth-thomas-hicks-1863-46297464.jpg
b'Benjamin Franklin',b'Joseph Duplessis',b'1785',,https://az334033.vo.msecnd.net/images-6/benjamin-franklin-joseph-duplessis-1785-4bcf8eb3.jpg
b'The Edgehill Portrait',b'Gilbert Stuart',b'Portrait',b'US',https://az334033.vo.msecnd.net/images-6/the-edgehill-portrait-gilbert-stuart-2641b2c8.jpg
b'William Samuel Johnson',b'John Wesley Jarvis',b'1814',,https://az333960.vo.msecnd.net/images-6/william-samuel-johnson-john-wesley-jarvis-1814-fcf1d3f0.jpg
b'Alla Nazimova',b'Edward Simmons',b'1910',,https://az333959.vo.msecnd.net/images-4/alla-nazimova-edward-simmons-1910-8a1a2d6a.jpg
b'Melville Weston Fuller',b'Harriet Anderson Stubbs Murphy',b'1914',,https://az333959.vo.msecnd.net/images-1/melville-weston-fuller-harriet-anderson-stubbs-murphy-1914-cc65646d.jpg
b'Herbert Hoover',b'Edmund C. Tarbell',b'1921',b'US',https://az333959.vo.msecnd.net/images-4/herbert-hoover-edmund-c-tarbell-1921-2902cbe5.jpg
b'Joseph Henry',b'Thomas Le Clear',b'1877',b'US',https://az334033.vo.msecnd.net/images-3/joseph-henry-thomas-le-clear-1877-cd665873.jpg
b'Henry Clay',b'Chester Harding',b'1845',,https://az334033.vo.msecnd.net/images-5/henry-clay-chester-harding-1845-c77dd68e.jpg
b'Elisha Tyson',b'Robert Street',b'1823',,https://az333960.vo.msecnd.net/images-1/elisha-tyson-robert-street-1823-b96fc643.jpg
b'Samuel Jones Tilden',b'Thomas Hicks',b'1870',,https://az334034.vo.msecnd.net/images-5/samuel-jones-tilden-thomas-hicks-1870-e9e5da17.jpg
b'John Randolph',b'John Wesley Jarvis',b'1811',,https://az333959.vo.msecnd.net/images-6/john-randolph-john-wesley-jarvis-1811-3304d0b2.jpg
b'Tenskwatawa',b'Henry Inman',b'1831',b'US',https://az333959.vo.msecnd.net/images-2/tenskwatawa-henry-inman-1831-06205fda.jpg
b'Joseph Henry',b'Henry Ulke',b'1885',,https://az334034.vo.msecnd.net/images-5/joseph-henry-henry-ulke-1885-b353f22e.jpg
b'Washington in the Uniform of a British Colonial Colonel',b'Charles Willson Peale',b'1772',,https://az334034.vo.msecnd.net/images-9/washington-in-the-uniform-of-a-british-colonial-colonel-charles-willson-peale-1772-619658ad.jpg
b'George Caleb Bingham Self-Portrait',b'George Caleb Bingham',b'1850',,https://az333959.vo.msecnd.net/images-5/george-caleb-bingham-self-portrait-george-caleb-bingham-1850-e89c2cd0.jpg
b'Lady Mary Victoria Leiter Curzon',b'Franz von Lenbach',b'1901',,https://az333960.vo.msecnd.net/images-1/lady-mary-victoria-leiter-curzon-franz-von-lenbach-1901-32f7f89c.jpg
b'Gulian Crommelin Verplanck',b'Daniel Huntington',b'1857',,https://az333959.vo.msecnd.net/images-7/gulian-crommelin-verplanck-daniel-huntington-1857-43a61b94.jpg
b'Stephen Decatur',b'Charles Bird King',b'1820',b'US',https://az333959.vo.msecnd.net/images-3/stephen-decatur-charles-bird-king-1820-9d7de776.jpg
b'James Fenimore Cooper',b'Charles Loring Elliott',b'1860',,https://az333959.vo.msecnd.net/images-9/james-fenimore-cooper-charles-loring-elliott-1860-618dd64f.jpg
b'Charles Lee',b'Cephas Giovanni Thompson',b'1810',,https://az333960.vo.msecnd.net/images-0/charles-lee-cephas-giovanni-thompson-1810-57c9b1b5.jpg
b'Henry Kirke Brown',b'Louis Lang',b'1863',,https://az334034.vo.msecnd.net/images-9/henry-kirke-brown-louis-lang-1863-af4f349f.jpg
b'Carter Braxton',b'Anonymous',b'1775',,https://az333960.vo.msecnd.net/images-0/carter-braxton-anonymous-1775-d30a5a0d.jpg
b'Henry George',b'George de Forest Brush',b'1888',,https://az334033.vo.msecnd.net/images-1/henry-george-george-de-forest-brush-1888-80c3971c.jpg
b'William Linn',b'John Wesley Jarvis',b'1805',,https://az333960.vo.msecnd.net/images-9/william-linn-john-wesley-jarvis-1805-1587ca42.jpg
b'Henry White',b'Anonymous',b'White',,https://az334033.vo.msecnd.net/images-8/henry-white-anonymous-868f8103.jpg
b'Sequoyah',b'Henry Inman',b'1830',b'US',https://az333959.vo.msecnd.net/images-3/sequoyah-henry-inman-1830-d7b49cef.jpg
b'Thomas Jefferson',b'Mather Brown',b'1786',,https://az333960.vo.msecnd.net/images-0/thomas-jefferson-mather-brown-1786-bf12209a.jpg
b'John Ewing',b'Charles Willson Peale',b'1788',,https://az334033.vo.msecnd.net/images-5/john-ewing-charles-willson-peale-1788-45695090.jpg
b'Philip Henry Sheridan',b'Thomas Buchanan Read',b'1871',b'US',https://az334033.vo.msecnd.net/images-3/philip-henry-sheridan-thomas-buchanan-read-1871-864c18d8.jpg
b'Chauncey Mitchell Depew',b'George Burroughs Torrey',b'1921',,https://az333959.vo.msecnd.net/images-0/chauncey-mitchell-depew-george-burroughs-torrey-1921-6bb864ff.jpg
b'Charles Willson Peale Self-Portrait',b'Charles Willson Peale',b'1791',,https://az334034.vo.msecnd.net/images-0/charles-willson-peale-self-portrait-charles-willson-peale-1791-cb30c4ab.jpg
b'Grover Cleveland',b'Eastman Johnson',b'1884',,https://az333959.vo.msecnd.net/images-7/grover-cleveland-eastman-johnson-1884-43f54cc7.jpg
b'Joseph Henry',b'Henry Ulke',b'1875',,https://az333959.vo.msecnd.net/images-5/joseph-henry-henry-ulke-1875-e5f16bc0.jpg
b'Spencer Fullerton Baird',b'Henry Ulke',b'1887',,https://az334034.vo.msecnd.net/images-2/spencer-fullerton-baird-henry-ulke-1887-139d2361.jpg
b'William Shirley',b'Thomas Hudson',b'1750',,https://az333959.vo.msecnd.net/images-2/william-shirley-thomas-hudson-1750-2c7be005.jpg
b'Jean Louis Rodolphe Agassiz',b'Louis Mayer',b'1913',,https://az334034.vo.msecnd.net/images-4/jean-louis-rodolphe-agassiz-louis-mayer-1913-b72d7da3.jpg
b'Salmon P. Chase',b'Francis Bicknell Carpenter',b'1861',,https://az334033.vo.msecnd.net/images-5/salmon-p-chase-francis-bicknell-carpenter-1861-4f53db7b.jpg
b'Charles Sumner',b'Edgar Parker',b'1874',,https://az334034.vo.msecnd.net/images-2/charles-sumner-edgar-parker-1874-d5dc70c5.jpg
b'Henry Wadsworth Longfellow',b'Thomas Buchanan Read',b'1869',b'US',https://az333959.vo.msecnd.net/images-0/henry-wadsworth-longfellow-thomas-buchanan-read-1869-4fb13332.jpg
b'Simeon Baldwin',b'Anonymous',b'1845',,https://az333959.vo.msecnd.net/images-7/simeon-baldwin-anonymous-1845-32e94a7f.jpg
b'Stephen Van Rensselaer III',b'John Wesley Jarvis',b'1830',,https://az334033.vo.msecnd.net/images-3/stephen-van-rensselaer-iii-john-wesley-jarvis-1830-278781d4.jpg
b'Joseph Bradley Varnum',b'Ezra Ames',b'1819',b'US',https://az334034.vo.msecnd.net/images-4/joseph-bradley-varnum-ezra-ames-1819-9d03af2b.jpg
b'Thomas Jefferson',b'Charles Bird King',b'1836',b'US',https://az333959.vo.msecnd.net/images-3/thomas-jefferson-charles-bird-king-1836-fc3f3221.jpg
b'William Cullen Bryant',b'Thomas Buchanan Read',b'Bryant',b'US',https://az333960.vo.msecnd.net/images-1/william-cullen-bryant-thomas-buchanan-read-f7339f4c.jpg
b'Andrew Jackson',b'Ralph Eleaser Whiteside Earl',b'1817',,https://az333959.vo.msecnd.net/images-0/andrew-jackson-ralph-eleaser-whiteside-earl-1817-8dbeed57.jpg
b'Theodosia Bartow Burr Alston',b'Anonymous',b'1875',,https://az334033.vo.msecnd.net/images-1/theodosia-bartow-burr-alston-anonymous-1875-4d5d1910.jpg
b'Lucretia Coffin Mott',b'Joseph Kyle',b'1842',,https://az333959.vo.msecnd.net/images-5/lucretia-coffin-mott-joseph-kyle-1842-e6a91b4f.jpg
b'Richard Mentor Johnson',b'Matthew Harris Jouett',b'1818',,https://az333959.vo.msecnd.net/images-6/richard-mentor-johnson-matthew-harris-jouett-1818-d06907f1.jpg
|b'Mr. Hackett, in the Character of Rip Van Winkle'|,b'Henry Inman',b'1832',b'US',https://az333960.vo.msecnd.net/images-6/mr-hackett-in-the-character-of-rip-van-winkle-henry-inman-1832-33861f3c.jpg
b'George Catlin',b'William Fisk',b'1849',,https://az333960.vo.msecnd.net/images-5/george-catlin-william-fisk-1849-1b7c5506.jpg
b'John Quinn',b'George Luks',b'1908',,https://az334033.vo.msecnd.net/images-4/john-quinn-george-luks-1908-766d27ae.jpg
b'Samuel Francis Du Pont',b'Daniel Huntington',b'1867',,https://az333960.vo.msecnd.net/images-5/samuel-francis-du-pont-daniel-huntington-1867-029634c2.jpg
b'Luman Reed',b'Asher Brown Durand',b'1835',,https://az334034.vo.msecnd.net/images-6/luman-reed-asher-brown-durand-1835-1-8d9813c3.jpg
b'William McKinley',b'Emily Drayton Taylor',b'1899',,https://az334033.vo.msecnd.net/images-9/william-mckinley-emily-drayton-taylor-1899-ee82aa44.jpg
b'William Cullen Bryant',b'Daniel Huntington',b'1865',,https://az334033.vo.msecnd.net/images-1/william-cullen-bryant-daniel-huntington-1865-4fa658b0.jpg
b'Reverend William White',b'William Russell Birch',b'1830',,https://az333959.vo.msecnd.net/images-9/reverend-william-white-william-russell-birch-1830-b0a02f6d.jpg
b'William Moultrie',b'Charles Willson Peale',b'1782',,https://az333959.vo.msecnd.net/images-0/william-moultrie-charles-willson-peale-1782-5d590dc5.jpg
b'Alexander Turney Stewart',b'Thomas Le Clear',b'1863',b'US',https://az334033.vo.msecnd.net/images-4/alexander-turney-stewart-thomas-le-clear-1863-366eded9.jpg
b'Henry Cruger',b'Luke Sullivan',b'1770',,https://az334033.vo.msecnd.net/images-9/henry-cruger-luke-sullivan-1770-d37f1cc7.jpg
b'Charles Cotesworth Pinckney',b'Henry Benbridge',b'1773',b'US',https://az334034.vo.msecnd.net/images-7/charles-cotesworth-pinckney-henry-benbridge-1773-23878ebc.jpg
b'Samuel Pierpont Langley',b'Robert Gordon Hardie',b'1893',,https://az333960.vo.msecnd.net/images-9/samuel-pierpont-langley-robert-gordon-hardie-1893-fe303f14.jpg
b'Louis McLane',b'Charles Bird King',b'1820',b'US',https://az333959.vo.msecnd.net/images-6/louis-mclane-charles-bird-king-1820-518061e2.jpg
b'William Dunlap self-portrait',b'William Dunlap',b'1805',,https://az334034.vo.msecnd.net/images-2/william-dunlap-self-portrait-william-dunlap-1805-d6bd01c1.jpg
b'Jenny Lind',b'Francis Bicknell Carpenter',b'1852',,https://az334034.vo.msecnd.net/images-4/jenny-lind-francis-bicknell-carpenter-1852-c8f54609.jpg
b'William Smith Otis',b'Bass Otis',b'1835',,https://az334034.vo.msecnd.net/images-9/william-smith-otis-bass-otis-1835-4b0ea2b1.jpg
b'Bret Harte',b'John Pettie',b'1884',,https://az334034.vo.msecnd.net/images-3/bret-harte-john-pettie-1884-ebc12394.jpg
b'Patience Lovell Wright',b'Robert Edge Pine',b'1782',,https://az333959.vo.msecnd.net/images-4/patience-lovell-wright-robert-edge-pine-1782-769e58b5.jpg
b'Solomon White Roberts',b'Manuel Joachim de Franca',b'1835',,https://az334033.vo.msecnd.net/images-1/solomon-white-roberts-manuel-joachim-de-franca-1835-366fc8b2.jpg
b'Henry Mosler Self-portrait',b'Henry Mosler',b'1907',,https://az334033.vo.msecnd.net/images-3/henry-mosler-self-portrait-henry-mosler-1907-f01ce207.jpg
b'David Ramsay',b'Charles Willson Peale',b'1771',,https://az334033.vo.msecnd.net/images-6/david-ramsay-charles-willson-peale-1771-0706dac5.jpg
b'James Reid Lambdin Self-Portrait',b'James Lambdin',b'1845',,https://az333960.vo.msecnd.net/images-9/james-reid-lambdin-self-portrait-james-lambdin-1845-28398bae.jpg
b'Samuel Chase',b'John Wesley Jarvis',b'1811',,https://az333959.vo.msecnd.net/images-9/samuel-chase-john-wesley-jarvis-1811-3adb3068.jpg
b'Portrait of Charles Tyson Yerkes',b'Jan van Beers',b'1893',,https://az333960.vo.msecnd.net/images-1/portrait-of-charles-tyson-yerkes-jan-van-beers-1893-ae9e9c55.jpg
b'Robley Dunglison Evans',b'August Franz\xc3\xa9n',b'1909',,https://az334033.vo.msecnd.net/images-2/robley-dunglison-evans-august-franzen-1909-cabeddd2.jpg
b'William Linn',b'John Wesley Jarvis',b'1805',,https://az334034.vo.msecnd.net/images-5/william-linn-john-wesley-jarvis-1805-1-f3955b9d.jpg
b'Edwin Forrest in the Role of Metamora',b'Frederick Styles Agate',b'1832',,https://az334034.vo.msecnd.net/images-7/edwin-forrest-in-the-role-of-metamora-frederick-styles-agate-1832-8648e06a.jpg
b'Marquis De Lafayette',b'Ary Scheffer',b'1822',,https://az334034.vo.msecnd.net/images-7/marquis-de-lafayette-ary-scheffer-1822-a4c4f47c.jpg
b'Anson Greene Phelps',b'William Samuel Lyon Jewett',b'1854',,https://az334033.vo.msecnd.net/images-0/anson-greene-phelps-william-samuel-lyon-jewett-1854-70cbd0db.jpg
b'Alexander Graham Bell',b'John Wycliffe Lowes Forster',b'1919',,https://az333960.vo.msecnd.net/images-4/alexander-graham-bell-john-wycliffe-lowes-forster-1919-54328dd6.jpg
b'Dwight D. Eisenhower',b'Thomas E Stephens',b'1947',,https://az333960.vo.msecnd.net/images-8/dwight-d-eisenhower-thomas-e-stephens-1947-00f239f8.jpg
b'Julia Ward Howe',b'John Elliott',b'1917',,https://az334034.vo.msecnd.net/images-5/julia-ward-howe-john-elliott-1917-678406c4.jpg
b'Elizabeth Washington Gamble Wirt',b'Cephas Giovanni Thompson',b'1809',,https://az334034.vo.msecnd.net/images-6/elizabeth-washington-gamble-wirt-cephas-giovanni-thompson-1809-d8a74c7b.jpg
b'Daniel Boone',b'Chester Harding',b'1820',,https://az333959.vo.msecnd.net/images-1/daniel-boone-chester-harding-1820-eb38592e.jpg
b'Joseph Clay Neal',b'John Neagle',b'1837',,https://az334033.vo.msecnd.net/images-5/joseph-clay-neal-john-neagle-1837-2c274586.jpg
b'John Ellis Wool',b'Alonzo Chappel',b'1858',,https://az333959.vo.msecnd.net/images-5/john-ellis-wool-alonzo-chappel-1858-615aefce.jpg
b'Joseph Story',b'Chester Harding',b'1827',,https://az333960.vo.msecnd.net/images-0/joseph-story-chester-harding-1827-0a27bd52.jpg
b'Mildred Hazen Dewey',b'Th\xc3\xa9obald Chartran',b'1900',,https://az333960.vo.msecnd.net/images-6/mildred-hazen-dewey-theobald-chartran-1900-374c3ce4.jpg
b'J.T. Clark',b'William S Elwell',b'1840',,https://az333959.vo.msecnd.net/images-9/j-t-clark-william-s-elwell-1840-b1ca5652.jpg
b'Melville Stone',b'Ossip Perelma',b'1917',,https://az333960.vo.msecnd.net/images-9/melville-stone-ossip-perelma-1917-d2d87dcd.jpg
b'William Closson Self-Portrait',b'William Closson',b'1900',,https://az333960.vo.msecnd.net/images-5/william-closson-self-portrait-william-closson-1900-2872b5e2.jpg
b'Thurlow Weed',b'Chester Harding',b'1843',,https://az334034.vo.msecnd.net/images-4/thurlow-weed-chester-harding-1843-4a3a69b5.jpg
b'William Starke Rosecrans',b'Samuel Woodson Price',b'1868',,https://az334034.vo.msecnd.net/images-6/william-starke-rosecrans-samuel-woodson-price-1868-ae24a85d.jpg
b'Lyman Beecher',b'James Henry Beard',b'1842',,https://az334034.vo.msecnd.net/images-7/lyman-beecher-james-henry-beard-1842-c7b82823.jpg
b'Ulysses S. Grant',b'Samuel Waugh',b'1869',,https://az333960.vo.msecnd.net/images-1/ulysses-s-grant-samuel-waugh-1869-1578f986.jpg
b'Daniel Morgan',b'Anonymous',b'1780',,https://az334033.vo.msecnd.net/images-9/daniel-morgan-anonymous-1780-fccf3b79.jpg
b'John Moses Browning',b'George Henry Taggart',b'1902',,https://az333959.vo.msecnd.net/images-8/john-moses-browning-george-henry-taggart-1902-1405ac13.jpg
b'Woodrow Wilson',b'Harriet Anderson Stubbs Murphy',b'1919',,https://az334034.vo.msecnd.net/images-0/woodrow-wilson-harriet-anderson-stubbs-murphy-1919-d42b4d63.jpg
b'Daniel Webster',b'Chester Harding',b'1828',,https://az334033.vo.msecnd.net/images-1/daniel-webster-chester-harding-1828-feb52317.jpg
b'George Washington',b'Ellen Sharples',b'1803',,https://az333960.vo.msecnd.net/images-1/george-washington-ellen-sharples-1803-b8f2b1b6.jpg
b'James Pollard Espy',b'Thomas Sully',b'1849',,https://az334034.vo.msecnd.net/images-3/james-pollard-espy-thomas-sully-1849-fba49c6b.jpg
b'James Wilkinson',b'Anonymous',b'1820',,https://az334033.vo.msecnd.net/images-4/james-wilkinson-anonymous-1820-a6ea31f2.jpg
b'Samuel Seabury',b'Ralph Eleaser Whiteside Earl',b'1785',,https://az333960.vo.msecnd.net/images-5/samuel-seabury-ralph-eleaser-whiteside-earl-1785-a3e8094c.jpg
b'Samuel Griffin',b'Cosmo Alexander',b'1770',,https://az333959.vo.msecnd.net/images-1/samuel-griffin-cosmo-alexander-1770-816ce6ff.jpg
b'Elizabeth Bailey Kent',b'Daniel Huntington',b'Kent',,https://az333959.vo.msecnd.net/images-7/elizabeth-bailey-kent-daniel-huntington-600cbb8e.jpg
b'George Washington',b'William Hanna Clarke',b'1800',,https://az334033.vo.msecnd.net/images-3/george-washington-william-hanna-clarke-1800-22846ba9.jpg
b'Chester Harding Self-Portrait',b'Chester Harding',b'Self-Portrait',,https://az333959.vo.msecnd.net/images-0/chester-harding-self-portrait-chester-harding-15626f00.jpg
b'Francis Davis Millet',b'George W Maynard',b'1878',,https://az334034.vo.msecnd.net/images-6/francis-davis-millet-george-w-maynard-1878-1cf532a9.jpg
b'Elizabeth Depeyster Peale',b'James Peale',b'1795',,https://az333960.vo.msecnd.net/images-5/elizabeth-depeyster-peale-james-peale-1795-6bda0a53.jpg
b'Arthur St. Claire',b'Henri Elouis',b'1795',,https://az333960.vo.msecnd.net/images-5/arthur-st-claire-henri-elouis-1795-ac214cce.jpg
b'Ira Aldridge as Othello',b'Henry Perronet Briggs',b'1830',,https://az333959.vo.msecnd.net/images-3/ira-aldridge-as-othello-henry-perronet-briggs-1830-06c8c594.jpg
b'Chester A. Arthur',b'Ole Peter Hansen Balling',b'1881',,https://az334034.vo.msecnd.net/images-2/chester-a-arthur-ole-peter-hansen-balling-1881-19aa06f1.jpg
b'Thomas Hart Benton',b'Ferdinand Thomas Lee Boyle',b'1861',,https://az333959.vo.msecnd.net/images-4/thomas-hart-benton-ferdinand-thomas-lee-boyle-1861-f465fe01.jpg
b'George C. Marshall',b'Thomas E Stephens',b'1949',,https://az333960.vo.msecnd.net/images-9/george-c-marshall-thomas-e-stephens-1949-d01cc0b3.jpg
b'Portrait of Isaac Merrit Singer',b'Edward Harrison May',b'1869',,https://az334033.vo.msecnd.net/images-1/portrait-of-isaac-merrit-singer-edward-harrison-may-1869-dc37f719.jpg
b'John Cabell Breckinridge',b'Anonymous',b'1860',,https://az334033.vo.msecnd.net/images-7/john-cabell-breckinridge-anonymous-1860-a9af2540.jpg
b'John Brown',b'Ole Peter Hansen Balling',b'1872',,https://az334034.vo.msecnd.net/images-2/john-brown-ole-peter-hansen-balling-1872-6caa21e1.jpg
b'John Philip Sousa',b'Harry Franklin Waltman',b'1909',,https://az334033.vo.msecnd.net/images-7/john-philip-sousa-harry-franklin-waltman-1909-262375f0.jpg
b'Reverend Justus Henry Christian Helmuth',b'John Eckstein',b'1795',,https://az333959.vo.msecnd.net/images-7/reverend-justus-henry-christian-helmuth-john-eckstein-1795-931cfc5a.jpg
b'Cardinal James Gibbons',b'Th\xc3\xa9obald Chartran',b'1904',,https://az334033.vo.msecnd.net/images-4/cardinal-james-gibbons-theobald-chartran-1904-59a8f6ef.jpg
b'Henry Larcom Abbot',b'Nahum Ball Onthank',b'1857',,https://az334034.vo.msecnd.net/images-2/henry-larcom-abbot-nahum-ball-onthank-1857-ce0e3bb3.jpg
b'William Pitt Fessenden',b'Constantino Brumidi',b'1860',,https://az334033.vo.msecnd.net/images-3/william-pitt-fessenden-constantino-brumidi-1860-341ced01.jpg
b'Richard Peters',b'Mason Chamberlin',b'Peters',,https://az333960.vo.msecnd.net/images-8/richard-peters-mason-chamberlin-039d53e3.jpg
b'William Morris Hunt',b'Charles Monginot',b'1850',,https://az334034.vo.msecnd.net/images-7/william-morris-hunt-charles-monginot-1850-0ab3fd3e.jpg
b'James Monroe',b'James Herring',b'1834',,https://az334033.vo.msecnd.net/images-0/james-monroe-james-herring-1834-a1e86e47.jpg
b'James Monroe',b'Chester Harding',b'1829',,https://az333960.vo.msecnd.net/images-7/james-monroe-chester-harding-1829-61fd1985.jpg
b'George Brinton McClellan',b'Julian Scott',b'1888',,https://az334034.vo.msecnd.net/images-8/george-brinton-mcclellan-julian-scott-1888-7391afab.jpg
b'Martha Washington',b'Rembrandt Peale',b'1853',b'US',https://az334033.vo.msecnd.net/images-1/martha-washington-rembrandt-peale-1853-b14b797e.jpg
b'Daniel Boone',b'Chester Harding',b'1820',,https://az333959.vo.msecnd.net/images-2/daniel-boone-chester-harding-1820-1-c732d870.jpg
b'Chief Joseph',b'Cyrenius Hall',b'1878',,https://az333959.vo.msecnd.net/images-5/chief-joseph-cyrenius-hall-1878-6991bb45.jpg
b'Horatio Gates',b'James Peale',b'1782',,https://az334034.vo.msecnd.net/images-4/horatio-gates-james-peale-1782-e22e4cf1.jpg
b'Alfred Bult Mullett',b'Charles T Webber',b'1881',,https://az333959.vo.msecnd.net/images-2/alfred-bult-mullett-charles-t-webber-1881-1cd4f4ba.jpg
b'Joel Barlow',b'Robert Fulton',b'1805',b'US',https://az333959.vo.msecnd.net/images-6/joel-barlow-robert-fulton-1805-c7ea4a1b.jpg
b'Jefferson Davis',b'George Lethbridge Saunders',b'1849',,https://az333960.vo.msecnd.net/images-0/jefferson-davis-george-lethbridge-saunders-1849-2887c314.jpg
b'Eben Jenks Loomis',b'Edwin Burrage Child',b'1910',,https://az334033.vo.msecnd.net/images-4/eben-jenks-loomis-edwin-burrage-child-1910-c558451e.jpg
b'Elihu Root',b'Augustus Vincent Tack',b'1922',,https://az334034.vo.msecnd.net/images-7/elihu-root-augustus-vincent-tack-1922-97487ab5.jpg
b'John Sherman',b'Henry Ulke',b'1880',,https://az334034.vo.msecnd.net/images-5/john-sherman-henry-ulke-1880-f7255e1c.jpg
b'Unidentified Man',b'Thomas Le Clear',b'1840',b'US',https://az334034.vo.msecnd.net/images-0/unidentified-man-thomas-le-clear-1840-ce102664.jpg
b'Sarah Porter',b'Robert Bolling Brandegee',b'1896',,https://az333960.vo.msecnd.net/images-8/sarah-porter-robert-bolling-brandegee-1896-a5c12fa6.jpg
b'Joseph Eggleston Johnston',b'Benjamin Franklin Reinhart',b'1860',,https://az334034.vo.msecnd.net/images-6/joseph-eggleston-johnston-benjamin-franklin-reinhart-1860-0819b46f.jpg
b'Thomas George Hodgkins',b'Robert Gordon Hardie',b'1893',,https://az334034.vo.msecnd.net/images-5/thomas-george-hodgkins-robert-gordon-hardie-1893-a02fba67.jpg
b'James Madison',b'Chester Harding',b'1829',,https://az333960.vo.msecnd.net/images-9/james-madison-chester-harding-1829-41076352.jpg
b'Abraham Lincoln',b'Charles Wesley Jarvis',b'1861',,https://az334034.vo.msecnd.net/images-4/abraham-lincoln-charles-wesley-jarvis-1861-938b777f.jpg
b'Charles T. McClenachan',b'Thomas Nast',b'1866',,https://az334034.vo.msecnd.net/images-8/charles-t-mcclenachan-thomas-nast-1866-8d89add1.jpg
b'Daniel Webster',b'George Linen',b'1839',,https://az333960.vo.msecnd.net/images-0/daniel-webster-george-linen-1839-7157dfdb.jpg
b'Julius Bien',b'George da Maduro Peixotto',b'1886',,https://az334034.vo.msecnd.net/images-1/julius-bien-george-da-maduro-peixotto-1886-242f00be.jpg
b'Frank Brett Noyes',b'Ossip Perelma',b'1917',,https://az333959.vo.msecnd.net/images-6/frank-brett-noyes-ossip-perelma-1917-e9a29f4d.jpg
b'John Armstrong',b'John Wesley Jarvis',b'1812',,https://az334033.vo.msecnd.net/images-1/john-armstrong-john-wesley-jarvis-1812-2272893c.jpg
b'Joseph Jefferson',b'Henry H Cross',b'1871',,https://az334034.vo.msecnd.net/images-2/joseph-jefferson-henry-h-cross-1871-69c03315.jpg
b'Robert Livingston Stevens',b'Edward L Mooney',b'1852',,https://az333959.vo.msecnd.net/images-3/robert-livingston-stevens-edward-l-mooney-1852-65ac732c.jpg
b'John Bigelow',b'Fedor Encke',b'1901',,https://az334034.vo.msecnd.net/images-8/john-bigelow-fedor-encke-1901-2cd32e1f.jpg
b'David Glasgow Farragut',b'William Swain',b'1838',,https://az334033.vo.msecnd.net/images-7/david-glasgow-farragut-william-swain-1838-0e28ecd3.jpg
b'H. H. Richardson',b'Hubert von Herkomer',b'1886',b'GB',https://az334034.vo.msecnd.net/images-4/h-h-richardson-hubert-von-herkomer-1886-aa415df7.jpg
b'William Tolman Carlton Self-Portrait',b'William Tolman Carlton',b'Self-Portrait',,https://az333960.vo.msecnd.net/images-6/william-tolman-carlton-self-portrait-william-tolman-carlton-2755e950.jpg
b'Robert E. Lee',b'Edward Caledon Bruce',b'1865',,https://az333959.vo.msecnd.net/images-1/robert-e-lee-edward-caledon-bruce-1865-9374d8f1.jpg
b'William Howard Taft',b'William Valentine Schevill',b'1910',,https://az334034.vo.msecnd.net/images-1/william-howard-taft-william-valentine-schevill-1910-18c762da.jpg
b'John Marshall',b'William James Hubard',b'1832',,https://az334034.vo.msecnd.net/images-6/john-marshall-william-james-hubard-1832-2d961efa.jpg
b'John Marshall',b'Cephas Giovanni Thompson',b'1809',,https://az333959.vo.msecnd.net/images-0/john-marshall-cephas-giovanni-thompson-1809-bb9fc2d6.jpg
b'Stephen Olin',b'William Edward West',b'Olin',,https://az333960.vo.msecnd.net/images-0/stephen-olin-william-edward-west-1955b489.jpg
b'King Camp Gillette',b'Jean Mannheim',b'1911',,https://az333959.vo.msecnd.net/images-2/king-camp-gillette-jean-mannheim-1911-104d837a.jpg
b'John Marshall',b'James Lambdin',b'1831',,https://az334033.vo.msecnd.net/images-9/john-marshall-james-lambdin-1831-45064703.jpg
b'Thomas McKean',b'Charles Willson Peale',b'1793',,https://az333960.vo.msecnd.net/images-4/thomas-mckean-charles-willson-peale-1793-b8421368.jpg
b'Lewis Augustus Groff',b'S Jerome Uhl',b'1891',,https://az333959.vo.msecnd.net/images-6/lewis-augustus-groff-s-jerome-uhl-1891-8b8fedad.jpg
b'Theresa Helburn',b'Marion H Beckett',b'1922',,https://az334034.vo.msecnd.net/images-9/theresa-helburn-marion-h-beckett-1922-29c4f462.jpg
b'James Monroe',b'John Vanderlyn',b'1816',,https://az333960.vo.msecnd.net/images-7/james-monroe-john-vanderlyn-1816-abb6feed.jpg
b'Gustavus Franklin Swift',b'Ralph Elmer Clarkson',b'1904',,https://az333960.vo.msecnd.net/images-6/gustavus-franklin-swift-ralph-elmer-clarkson-1904-7d3f1a6b.jpg
b'George Fuller',b'Edwin Tryon Billings',b'Fuller',,https://az334033.vo.msecnd.net/images-8/george-fuller-edwin-tryon-billings-507bd48b.jpg
b'Van Wyck Brooks',b'John Butler Yeats',b'1909',,https://az334033.vo.msecnd.net/images-1/van-wyck-brooks-john-butler-yeats-1909-8ada33d4.jpg
b'William Henry Harrison',b'James Henry Beard',b'1840',,https://az333959.vo.msecnd.net/images-5/william-henry-harrison-james-henry-beard-1840-7e41f957.jpg
b'John Wesley Powell',b'Edmund Clarence Messer',b'1889',,https://az333959.vo.msecnd.net/images-5/john-wesley-powell-edmund-clarence-messer-1889-0f8873fb.jpg
b'John Wesley Jarvis',b'Bass Otis',b'1816',,https://az334033.vo.msecnd.net/images-9/john-wesley-jarvis-bass-otis-1816-ddb143ad.jpg
b'General John Bradstreet',b'Thomas McIlworth',b'1764',,https://az334034.vo.msecnd.net/images-7/general-john-bradstreet-thomas-mcilworth-1764-27e5b703.jpg
b'Margery Williams',b'James Bolivar Manson',b'1911',,https://az334034.vo.msecnd.net/images-2/margery-williams-james-bolivar-manson-1911-eeb80859.jpg
b'Stephen Collins Foster',b'Thomas Hicks',b'1856',,https://az334033.vo.msecnd.net/images-6/stephen-collins-foster-thomas-hicks-1856-3073a703.jpg
b'David Davis',b'Francis Marion Pebbles',b'1882',,https://az334033.vo.msecnd.net/images-1/david-davis-francis-marion-pebbles-1882-d0112f13.jpg
b'Edwin McMasters Stanton',b'Henry Ulke',b'1872',,https://az333959.vo.msecnd.net/images-4/edwin-mcmasters-stanton-henry-ulke-1872-1559bb1c.jpg
b'Benjamin Tappan',b'Washington Blanchard',b'1839',,https://az333960.vo.msecnd.net/images-7/benjamin-tappan-washington-blanchard-1839-e5a435a4.jpg
b"Richard Mansfield in Clyde Fitch's Beau Brummel",b'Orlando Rouland',b'1907',,https://az334034.vo.msecnd.net/images-1/richard-mansfield-in-clyde-fitch-s-beau-brummel-orlando-rouland-1907-4cb6c1d6.jpg
b'Eben Jenks Loomis',b'Edwin Burrage Child',b'1910',,https://az334033.vo.msecnd.net/images-0/eben-jenks-loomis-edwin-burrage-child-1910-1-690af5eb.jpg
b'Walter Hampden',b'William Glackens',b'1919',,https://az334033.vo.msecnd.net/images-2/walter-hampden-william-glackens-1919-c9533564.jpg
b'William Henry Harrison',b'Albert Gallatin Hoit',b'1840',,https://az334034.vo.msecnd.net/images-7/william-henry-harrison-albert-gallatin-hoit-1840-6925570c.jpg
b'Juliette Gordon Low',b'Edward Hughes',b'1887',,https://az333960.vo.msecnd.net/images-4/juliette-gordon-low-edward-hughes-1887-b971bebc.jpg
b'Unidentified Black Woman with Turban',b'Anonymous',b'1800',,https://az333959.vo.msecnd.net/images-5/unidentified-black-woman-with-turban-anonymous-1800-1cdd0692.jpg
b'Samuel Ringgold',b'John Vanderlyn',b'1825',,https://az334034.vo.msecnd.net/images-6/samuel-ringgold-john-vanderlyn-1825-d7eb763b.jpg
b'Zachary Taylor',b'James Walker',b'Taylor',,https://az334034.vo.msecnd.net/images-2/zachary-taylor-james-walker-bf6b8134.jpg
b'Collis Potter Huntington',b'Francis Lathrop',b'1900',,https://az334033.vo.msecnd.net/images-9/collis-potter-huntington-francis-lathrop-1900-40b14144.jpg
b'Gen. Benjamin Helm Bristow',b'Philip Oskar Jenkins',b'1874',,https://az333960.vo.msecnd.net/images-0/gen-benjamin-helm-bristow-philip-oskar-jenkins-1874-731f2885.jpg
b'John Ericsson',b'Arvid Nyholm',b'1912',,https://az333959.vo.msecnd.net/images-3/john-ericsson-arvid-nyholm-1912-c317a73f.jpg
b'John Quincy Adams',b'George Caleb Bingham',b'1850',,https://az333960.vo.msecnd.net/images-6/john-quincy-adams-george-caleb-bingham-1850-2080c9c9.jpg
b'Robert Morris',b'Robert Edge Pine',b'1785',,https://az334034.vo.msecnd.net/images-6/robert-morris-robert-edge-pine-1785-6ecd93cb.jpg
b'John Quincy Adams',b'Pierre Van Huffel',b'1815',,https://az334034.vo.msecnd.net/images-7/john-quincy-adams-pierre-van-huffel-1815-32bba4d8.jpg
b'Joseph Delaplaine',b'John Wesley Jarvis',b'1819',,https://az333959.vo.msecnd.net/images-0/joseph-delaplaine-john-wesley-jarvis-1819-e9c9ae71.jpg
b'Henry James',b'Ellen Emmet Rand',b'1900',,https://az334034.vo.msecnd.net/images-7/henry-james-ellen-emmet-rand-1900-1bd0e093.jpg
b'Ernest Lawson',b'May Wilson Preston',b'1911',,https://az334033.vo.msecnd.net/images-6/ernest-lawson-may-wilson-preston-1911-6c3abcd0.jpg
b'Rodman McCamley Price',b'Samuel Stillman Osgood',b'1849',,https://az333960.vo.msecnd.net/images-5/rodman-mccamley-price-samuel-stillman-osgood-1849-861a212f.jpg
b'Henry Charles Carey',b'Thomas Henry Smith',b'1885',,https://az333959.vo.msecnd.net/images-4/henry-charles-carey-thomas-henry-smith-1885-e6c3a669.jpg
b'Lucy May Stanton Self-Portrait',b'Lucy May Stanton',b'1912',,https://az334034.vo.msecnd.net/images-5/lucy-may-stanton-self-portrait-lucy-may-stanton-1912-ec13b0af.jpg
b'Thomas McKenney',b'Charles Loring Elliott',b'1856',,https://az334034.vo.msecnd.net/images-0/thomas-mckenney-charles-loring-elliott-1856-25d40a71.jpg
b'William Wilson Corcoran',b'George Peter Alexander Healy',b'1884',,https://az333960.vo.msecnd.net/images-0/william-wilson-corcoran-george-peter-alexander-healy-1884-a9f6d5f9.jpg
b'Sidney Dillon',b'Francis Davis Millet',b'1889',,https://az333960.vo.msecnd.net/images-4/sidney-dillon-francis-davis-millet-1889-8c5f9a3b.jpg
b'Samuel F. B. Morse',b'Edward Lind Morse',b'1895',,https://az333960.vo.msecnd.net/images-0/samuel-f-b-morse-edward-lind-morse-1895-e8bcf7d7.jpg
b'Samuel Washington Woodhouse',b'Edward Bowers',b'1857',,https://az333960.vo.msecnd.net/images-2/samuel-washington-woodhouse-edward-bowers-1857-27d7ab2a.jpg
b'John Charles Fr\xc3\xa9mont',b'William S Jewett',b'Fr\xc3\xa9mont',,https://az333959.vo.msecnd.net/images-0/john-charles-fremont-william-s-jewett-5860c94e.jpg
b'Belva Ann Lockwood',b'Nellie Mathes Horne',b'1913',,https://az333959.vo.msecnd.net/images-0/belva-ann-lockwood-nellie-mathes-horne-1913-28e6c82d.jpg
b'George Fuller Self-Portrait',b'George Fuller',b'1860',,https://az334034.vo.msecnd.net/images-2/george-fuller-self-portrait-george-fuller-1860-d1b3c66a.jpg
b'William Wirt',b'Cephas Giovanni Thompson',b'1809',,https://az334033.vo.msecnd.net/images-5/william-wirt-cephas-giovanni-thompson-1809-f4eae447.jpg
b'Benjamin West',b'James Smith',b'1770',,https://az334034.vo.msecnd.net/images-1/benjamin-west-james-smith-1770-1bd8c46e.jpg
b'Talcott Williams',b'Thomas Eakins',b'1889',b'US',https://az333959.vo.msecnd.net/images-8/talcott-williams-thomas-eakins-1889-c43ca27c.jpg
b'Charles Wilkes',b'Samuel Waugh',b'1870',,https://az334033.vo.msecnd.net/images-9/charles-wilkes-samuel-waugh-1870-6d07051d.jpg
b'William Linn',b'Archibald Robertson',b'1792',,https://az334033.vo.msecnd.net/images-9/william-linn-archibald-robertson-1792-4ac18aba.jpg
b'Joel Chandler Harris',b'Lucy May Stanton',b'1914',,https://az333959.vo.msecnd.net/images-3/joel-chandler-harris-lucy-may-stanton-1914-d6301397.jpg
b'John Lothrop Motley',b'Thomas Phillips',b'1835',,https://az334033.vo.msecnd.net/images-3/john-lothrop-motley-thomas-phillips-1835-65395e6b.jpg
b'Noah Webster',b'James Herring',b'1833',,https://az334034.vo.msecnd.net/images-0/noah-webster-james-herring-1833-07352ae9.jpg
b'Richard Alexander Penrose',b'Julian Russell Story',b'1919',,https://az334034.vo.msecnd.net/images-2/richard-alexander-penrose-julian-russell-story-1919-75c88946.jpg
b'Daniel Webster',b'George Peter Alexander Healy',b'1846',,https://az333960.vo.msecnd.net/images-9/daniel-webster-george-peter-alexander-healy-1846-1facd691.jpg
b'Robert Richford Roberts',b'John Neagle',b'1840',,https://az334033.vo.msecnd.net/images-1/robert-richford-roberts-john-neagle-1840-be360f8f.jpg
b'Gilbert Stuart',b'Anonymous',b'1825',,https://az333959.vo.msecnd.net/images-9/gilbert-stuart-anonymous-1825-6da85046.jpg
b'W. E. B. Du Bois',b'Laura Wheeler Waring',b'1948',,https://az334033.vo.msecnd.net/images-2/w-e-b-du-bois-laura-wheeler-waring-1948-8605c845.jpg
